{
  "meta": {
    "gpu": "NVIDIA GeForce RTX 4090",
    "hidden_dim": 4096,
    "total_tokens": 512,
    "warmup_iters": 5,
    "timed_iters": 50,
    "baseline_block_m": 64,
    "oracle_block_n": 64,
    "oracle_block_k": 32,
    "oracle_candidates": [
      16,
      32,
      64,
      128
    ],
    "decisions_file": "compiler_decisions.json",
    "distributions": {
      "uniform": [
        512,
        512,
        512,
        512,
        512,
        512,
        512,
        512
      ],
      "proportional": [
        128,
        128,
        73,
        73,
        37,
        37,
        18,
        18
      ],
      "skewed": [
        188,
        94,
        63,
        47,
        38,
        31,
        27,
        24
      ]
    }
  },
  "results": [
    {
      "distribution": "uniform",
      "slot": 0,
      "intermediate_dim": 14336,
      "cost_class": "large",
      "tokens_per_expert": 512,
      "baseline_block_m": 64,
      "baseline_ms": 1.252511978149414,
      "remora_block_m": 128,
      "remora_ms": 1.4366719722747803,
      "oracle_block_m": 128,
      "oracle_ms": 1.2133760452270508,
      "oracle_bm16_ms": 2.8385279178619385,
      "oracle_bm32_ms": 1.8952640295028687,
      "oracle_bm64_ms": 1.2564480304718018,
      "oracle_bm128_ms": 1.2133760452270508
    },
    {
      "distribution": "uniform",
      "slot": 1,
      "intermediate_dim": 14336,
      "cost_class": "large",
      "tokens_per_expert": 512,
      "baseline_block_m": 64,
      "baseline_ms": 1.2492799758911133,
      "remora_block_m": 128,
      "remora_ms": 1.4037120342254639,
      "oracle_block_m": 128,
      "oracle_ms": 1.2122880220413208,
      "oracle_bm16_ms": 2.8434879779815674,
      "oracle_bm32_ms": 1.8860479593276978,
      "oracle_bm64_ms": 1.2403839826583862,
      "oracle_bm128_ms": 1.2122880220413208
    },
    {
      "distribution": "uniform",
      "slot": 2,
      "intermediate_dim": 8192,
      "cost_class": "medium",
      "tokens_per_expert": 512,
      "baseline_block_m": 64,
      "baseline_ms": 0.719871997833252,
      "remora_block_m": 64,
      "remora_ms": 0.7144960165023804,
      "oracle_block_m": 128,
      "oracle_ms": 0.6940479874610901,
      "oracle_bm16_ms": 1.652735948562622,
      "oracle_bm32_ms": 1.0813119411468506,
      "oracle_bm64_ms": 0.6984639763832092,
      "oracle_bm128_ms": 0.6940479874610901
    },
    {
      "distribution": "uniform",
      "slot": 3,
      "intermediate_dim": 8192,
      "cost_class": "medium",
      "tokens_per_expert": 512,
      "baseline_block_m": 64,
      "baseline_ms": 0.7198079824447632,
      "remora_block_m": 64,
      "remora_ms": 0.7065600156784058,
      "oracle_block_m": 128,
      "oracle_ms": 0.6675199866294861,
      "oracle_bm16_ms": 1.658560037612915,
      "oracle_bm32_ms": 1.0895359516143799,
      "oracle_bm64_ms": 0.6972479820251465,
      "oracle_bm128_ms": 0.6675199866294861
    },
    {
      "distribution": "uniform",
      "slot": 4,
      "intermediate_dim": 4096,
      "cost_class": "small",
      "tokens_per_expert": 512,
      "baseline_block_m": 64,
      "baseline_ms": 0.4310080111026764,
      "remora_block_m": 32,
      "remora_ms": 0.5603520274162292,
      "oracle_block_m": 128,
      "oracle_ms": 0.34508800506591797,
      "oracle_bm16_ms": 0.9017919898033142,
      "oracle_bm32_ms": 0.5427200198173523,
      "oracle_bm64_ms": 0.4105280041694641,
      "oracle_bm128_ms": 0.34508800506591797
    },
    {
      "distribution": "uniform",
      "slot": 5,
      "intermediate_dim": 4096,
      "cost_class": "small",
      "tokens_per_expert": 512,
      "baseline_block_m": 64,
      "baseline_ms": 0.419840008020401,
      "remora_block_m": 32,
      "remora_ms": 0.5539519786834717,
      "oracle_block_m": 128,
      "oracle_ms": 0.34406399726867676,
      "oracle_bm16_ms": 0.9000959992408752,
      "oracle_bm32_ms": 0.5427200198173523,
      "oracle_bm64_ms": 0.4106239974498749,
      "oracle_bm128_ms": 0.34406399726867676
    },
    {
      "distribution": "uniform",
      "slot": 6,
      "intermediate_dim": 2048,
      "cost_class": "tiny",
      "tokens_per_expert": 512,
      "baseline_block_m": 64,
      "baseline_ms": 0.18432000279426575,
      "remora_block_m": 16,
      "remora_ms": 0.49459201097488403,
      "oracle_block_m": 64,
      "oracle_ms": 0.1802240014076233,
      "oracle_bm16_ms": 0.43929600715637207,
      "oracle_bm32_ms": 0.2722879946231842,
      "oracle_bm64_ms": 0.1802240014076233,
      "oracle_bm128_ms": 0.1812479943037033
    },
    {
      "distribution": "uniform",
      "slot": 7,
      "intermediate_dim": 2048,
      "cost_class": "tiny",
      "tokens_per_expert": 512,
      "baseline_block_m": 64,
      "baseline_ms": 0.1810240000486374,
      "remora_block_m": 16,
      "remora_ms": 0.47411200404167175,
      "oracle_block_m": 64,
      "oracle_ms": 0.18083199858665466,
      "oracle_bm16_ms": 0.4331519901752472,
      "oracle_bm32_ms": 0.27430400252342224,
      "oracle_bm64_ms": 0.18083199858665466,
      "oracle_bm128_ms": 0.1812479943037033
    },
    {
      "distribution": "proportional",
      "slot": 0,
      "intermediate_dim": 14336,
      "cost_class": "large",
      "tokens_per_expert": 128,
      "baseline_block_m": 64,
      "baseline_ms": 0.5560320019721985,
      "remora_block_m": 128,
      "remora_ms": 0.6615039706230164,
      "oracle_block_m": 32,
      "oracle_ms": 0.46489599347114563,
      "oracle_bm16_ms": 0.7311360239982605,
      "oracle_bm32_ms": 0.46489599347114563,
      "oracle_bm64_ms": 0.567296028137207,
      "oracle_bm128_ms": 0.4811840057373047
    },
    {
      "distribution": "proportional",
      "slot": 1,
      "intermediate_dim": 14336,
      "cost_class": "large",
      "tokens_per_expert": 128,
      "baseline_block_m": 64,
      "baseline_ms": 0.5560320019721985,
      "remora_block_m": 128,
      "remora_ms": 0.6602240204811096,
      "oracle_block_m": 32,
      "oracle_ms": 0.46348801255226135,
      "oracle_bm16_ms": 0.7321599721908569,
      "oracle_bm32_ms": 0.46348801255226135,
      "oracle_bm64_ms": 0.5691840052604675,
      "oracle_bm128_ms": 0.48236799240112305
    },
    {
      "distribution": "proportional",
      "slot": 2,
      "intermediate_dim": 8192,
      "cost_class": "medium",
      "tokens_per_expert": 73,
      "baseline_block_m": 64,
      "baseline_ms": 0.2519359886646271,
      "remora_block_m": 64,
      "remora_ms": 0.2818880081176758,
      "oracle_block_m": 32,
      "oracle_ms": 0.24780799448490143,
      "oracle_bm16_ms": 0.27504000067710876,
      "oracle_bm32_ms": 0.24780799448490143,
      "oracle_bm64_ms": 0.2519040107727051,
      "oracle_bm128_ms": 0.2815040051937103
    },
    {
      "distribution": "proportional",
      "slot": 3,
      "intermediate_dim": 8192,
      "cost_class": "medium",
      "tokens_per_expert": 73,
      "baseline_block_m": 64,
      "baseline_ms": 0.2529279887676239,
      "remora_block_m": 64,
      "remora_ms": 0.2815999984741211,
      "oracle_block_m": 32,
      "oracle_ms": 0.2467840015888214,
      "oracle_bm16_ms": 0.27587199211120605,
      "oracle_bm32_ms": 0.2467840015888214,
      "oracle_bm64_ms": 0.2529279887676239,
      "oracle_bm128_ms": 0.2803199887275696
    },
    {
      "distribution": "proportional",
      "slot": 4,
      "intermediate_dim": 4096,
      "cost_class": "small",
      "tokens_per_expert": 37,
      "baseline_block_m": 64,
      "baseline_ms": 0.13312000036239624,
      "remora_block_m": 32,
      "remora_ms": 0.12902399897575378,
      "oracle_block_m": 16,
      "oracle_ms": 0.12902399897575378,
      "oracle_bm16_ms": 0.12902399897575378,
      "oracle_bm32_ms": 0.12902399897575378,
      "oracle_bm64_ms": 0.13312000036239624,
      "oracle_bm128_ms": 0.18329599499702454
    },
    {
      "distribution": "proportional",
      "slot": 5,
      "intermediate_dim": 4096,
      "cost_class": "small",
      "tokens_per_expert": 37,