slot,intermediate_dim,cost_class,baseline_block_m,baseline_ms,remora_block_m,remora_ms,speedup,winner
0,14336,large,64,1.1877119541168213,128,1.4366719722747803,0.8267106041167047,baseline
1,14336,large,64,1.18886399269104,128,1.4097919464111328,0.8432903845971721,baseline
2,8192,medium,64,0.6901760101318359,64,0.6758400201797485,1.021212105711459,remora
3,8192,medium,64,0.7045120000839233,64,0.7012479901313782,1.004654572987701,~tie
4,4096,small,64,0.41471999883651733,32,0.549888014793396,0.7541899217285832,baseline
5,4096,small,64,0.4055039882659912,32,0.5457919836044312,0.7429643535400197,baseline
6,2048,tiny,64,0.1812479943037033,16,0.47513601183891296,0.3814654957476733,baseline
7,2048,tiny,64,0.17919999361038208,16,0.4716159999370575,0.37997013170523974,baseline
